Season,Team Name,3PA/G,W/L%,average
2024,Boston Celtics,48.2,0.744,False
2025,Boston Celtics,46.0,0.4,False
2018,Houston Rockets,45.4,0.646,False
2019,Houston Rockets,45.3,0.611,False
2025,Cleveland Cavaliers,45.2,0.667,False
2025,New York Knicks,43.6,0.625,False
2025,Phoenix Suns,43.2,0.444,False
2022,Golden State Warriors,43.2,0.537,False
2020,Utah Jazz,43.0,0.722,False
2022,Boston Celtics,42.6,0.695,False
2023,Boston Celtics,42.5,0.78,False
2024,Golden State Warriors,42.4,0.585,False
2017,Houston Rockets,42.3,0.793,False
2025,Portland Trail Blazers,42.1,0.625,False
2025,Golden State Warriors,42.1,0.5,False
2024,Chicago Bulls,42.0,0.476,False
2025,Brooklyn Nets,41.8,0.111,False
2024,Cleveland Cavaliers,41.5,0.78,False
2021,Minnesota Timberwolves,41.3,0.561,False
2019,Dallas Mavericks,41.3,0.573,False
2022,Dallas Mavericks,41.0,0.463,False
2020,Portland Trail Blazers,40.8,0.583,False
2025,Oklahoma City Thunder,40.6,0.9,False
2020,Houston Rockets,40.6,0.236,False
2021,Utah Jazz,40.3,0.598,False
2022,Milwaukee Bucks,40.3,0.707,False
2016,Houston Rockets,40.3,0.671,False
2024,Minnesota Timberwolves,39.9,0.598,False
2024,Utah Jazz,39.8,0.207,False
2019,Minnesota Timberwolves,39.7,0.297,False
2025,Indiana Pacers,39.6,0.125,False
2024,San Antonio Spurs,39.6,0.415,False
2025,Charlotte Hornets,39.6,0.333,False
2023,Dallas Mavericks,39.5,0.61,False
2024,Brooklyn Nets,39.4,0.317,False
2021,Golden State Warriors,39.4,0.646,False
2020,Toronto Raptors,39.3,0.375,False
2025,Memphis Grizzlies,39.3,0.4,False
2023,Sacramento Kings,39.3,0.561,False
2025,Milwaukee Bucks,39.2,0.667,False
2024,Washington Wizards,39.1,0.22,False
2023,Golden State Warriors,38.9,0.561,False
2019,Milwaukee Bucks,38.9,0.767,False
2024,Oklahoma City Thunder,38.8,0.829,False
2020,Golden State Warriors,38.7,0.542,False
2021,Houston Rockets,38.7,0.244,False
2025,Utah Jazz,38.6,0.333,False
2021,Milwaukee Bucks,38.4,0.622,False
2024,Charlotte Hornets,38.3,0.232,False
2018,Milwaukee Bucks,38.2,0.732,False
2021,Charlotte Hornets,38.2,0.524,False
2019,Brooklyn Nets,38.1,0.486,False
2020,Dallas Mavericks,38.1,0.583,False
2023,Milwaukee Bucks,38.1,0.598,False
2024,Phoenix Suns,38.0,0.439,False
2024,Memphis Grizzlies,37.9,0.585,False
2022,Utah Jazz,37.8,0.451,False
2023,Memphis Grizzlies,37.8,0.329,False
2024,Portland Trail Blazers,37.7,0.439,False
2023,Atlanta Hawks,37.7,0.439,False
2024,Atlanta Hawks,37.7,0.488,False
2020,Minnesota Timberwolves,37.6,0.319,False
2021,Oklahoma City Thunder,37.4,0.293,False
2021,Dallas Mavericks,37.4,0.634,False
2024,Miami Heat,37.3,0.451,False
2022,Sacramento Kings,37.3,0.585,False
2024,Philadelphia 76ers,37.2,0.293,False
2021,Boston Celtics,37.1,0.622,False
2020,Milwaukee Bucks,37.1,0.639,False
2020,Charlotte Hornets,37.0,0.458,False
2018,Atlanta Hawks,37.0,0.354,False
2019,Toronto Raptors,37.0,0.736,False
2022,Indiana Pacers,37.0,0.427,False
2021,New York Knicks,36.9,0.451,False
2019,New Orleans Pelicans,36.9,0.417,False
2021,Orlando Magic,36.9,0.268,False
2021,Portland Trail Blazers,36.8,0.329,False
2023,Cleveland Cavaliers,36.8,0.585,False
2023,Brooklyn Nets,36.7,0.39,False
2024,Milwaukee Bucks,36.6,0.585,False
2018,Dallas Mavericks,36.6,0.402,False
2025,Los Angeles Clippers,36.5,0.375,False
2023,Utah Jazz,36.5,0.378,False
2023,San Antonio Spurs,36.4,0.268,False
2020,Boston Celtics,36.4,0.5,False
2024,Los Angeles Lakers,36.4,0.61,False
2025,Philadelphia 76ers,36.3,0.625,False
2020,Miami Heat,36.2,0.556,False
2018,Brooklyn Nets,36.2,0.512,False
2023,Houston Rockets,36.1,0.5,False
2025,Washington Wizards,36.1,0.111,False
2020,Brooklyn Nets,36.1,0.667,False
2019,Atlanta Hawks,36.1,0.299,False
2021,Denver Nuggets,35.9,0.585,False
2024,Houston Rockets,35.8,0.634,False
2023,New York Knicks,35.8,0.61,False
2021,Miami Heat,35.8,0.646,False
2024,Indiana Pacers,35.8,0.61,False
2025,Miami Heat,35.8,0.556,False
2022,New York Knicks,35.7,0.573,False
2017,Brooklyn Nets,35.7,0.341,False
2023,Washington Wizards,35.5,0.183,False
2019,Miami Heat,35.4,0.603,False
2024,Detroit Pistons,35.4,0.537,False
2021,Indiana Pacers,35.4,0.305,False
2022,Portland Trail Blazers,35.3,0.402,False
2024,Orlando Magic,35.3,0.5,False
2023,Indiana Pacers,35.3,0.573,False
2019,Utah Jazz,35.2,0.611,False
2024,Sacramento Kings,35.2,0.488,False
2020,Oklahoma City Thunder,35.1,0.306,False
2019,Chicago Bulls,35.1,0.338,False
2019,Sacramento Kings,34.9,0.431,False
2018,Detroit Pistons,34.8,0.5,False
2022,Miami Heat,34.8,0.537,False
2020,Los Angeles Clippers,34.7,0.653,False
2025,San Antonio Spurs,34.6,0.75,False
2024,New Orleans Pelicans,34.6,0.256,False
2021,Detroit Pistons,34.6,0.28,False
2020,Phoenix Suns,34.6,0.708,False
2019,Boston Celtics,34.5,0.667,False
2025,Chicago Bulls,34.5,0.75,False
2018,Boston Celtics,34.5,0.598,False
2021,Los Angeles Lakers,34.5,0.402,False
2025,Minnesota Timberwolves,34.4,0.556,False
2018,Golden State Warriors,34.4,0.695,False
2021,Atlanta Hawks,34.4,0.524,False
2025,Denver Nuggets,34.4,0.75,False
2025,New Orleans Pelicans,34.4,0.25,False
2019,Charlotte Hornets,34.3,0.354,False
2021,Toronto Raptors,34.2,0.585,False
2022,Memphis Grizzlies,34.2,0.622,False
2023,Oklahoma City Thunder,34.2,0.695,False
2020,Denver Nuggets,34.2,0.653,False
2021,Los Angeles Clippers,34.2,0.512,False
2024,Dallas Mavericks,34.2,0.476,False
2019,Portland Trail Blazers,34.1,0.473,False
2022,Oklahoma City Thunder,34.1,0.488,False
2024,New York Knicks,34.1,0.622,False
2018,Utah Jazz,34.0,0.61,False
2023,Charlotte Hornets,34.0,0.256,False
2024,Toronto Raptors,34.0,0.366,False
2020,Chicago Bulls,34.0,0.431,False
2020,Indiana Pacers,34.0,0.472,False
2018,Charlotte Hornets,33.9,0.476,False
2016,Cleveland Cavaliers,33.9,0.622,False
2022,Brooklyn Nets,33.8,0.549,False
2018,Toronto Raptors,33.8,0.707,False
2023,Miami Heat,33.7,0.561,False
2019,Los Angeles Clippers,33.5,0.681,False
2016,Boston Celtics,33.4,0.646,False
2024,Los Angeles Clippers,33.4,0.61,False
2020,Atlanta Hawks,33.4,0.569,False
2022,Los Angeles Clippers,33.4,0.537,False
2025,Toronto Raptors,33.3,0.556,False
2020,Sacramento Kings,33.3,0.431,False
2023,Philadelphia 76ers,33.3,0.573,False
2022,Minnesota Timberwolves,33.3,0.512,False
2018,Washington Wizards,33.3,0.39,False
2023,Portland Trail Blazers,33.2,0.256,False
2021,Sacramento Kings,33.2,0.366,False
2023,Los Angeles Clippers,33.2,0.622,False
2023,Toronto Raptors,33.1,0.305,False
2017,Toronto Raptors,33.0,0.72,False
2020,Detroit Pistons,32.9,0.278,False
2025,Dallas Mavericks,32.9,0.222,False
2017,Dallas Mavericks,32.8,0.293,False
2021,Cleveland Cavaliers,32.8,0.537,False
2023,Minnesota Timberwolves,32.7,0.683,False
2014,Houston Rockets,32.7,0.683,False
2019,Detroit Pistons,32.7,0.303,False
2021,Memphis Grizzlies,32.7,0.683,False
2018,Oklahoma City Thunder,32.6,0.598,False
2022,Philadelphia 76ers,32.6,0.659,False
2022,Phoenix Suns,32.6,0.549,False
2023,New Orleans Pelicans,32.6,0.598,False
2023,Phoenix Suns,32.6,0.598,False
2019,Washington Wizards,32.6,0.347,False
2022,Charlotte Hornets,32.5,0.329,False
2022,Detroit Pistons,32.4,0.207,False
2018,Miami Heat,32.4,0.476,False
2019,Orlando Magic,32.2,0.452,False
2022,San Antonio Spurs,32.2,0.268,False
2017,Cleveland Cavaliers,32.1,0.61,False
2025,Atlanta Hawks,32.1,0.444,False
2018,Orlando Magic,32.1,0.512,False
2023,Chicago Bulls,32.1,0.476,False
2021,New Orleans Pelicans,32.1,0.439,False
2022,Toronto Raptors,32.0,0.5,False
2021,San Antonio Spurs,32.0,0.415,False
2024,Denver Nuggets,31.9,0.61,False
2022,Houston Rockets,31.9,0.268,False
2021,Phoenix Suns,31.9,0.78,False
2019,Cleveland Cavaliers,31.8,0.292,False
2021,Philadelphia 76ers,31.8,0.622,False
2019,Phoenix Suns,31.8,0.466,False
2020,Orlando Magic,31.8,0.292,False
2023,Detroit Pistons,31.7,0.171,False
2021,Brooklyn Nets,31.7,0.537,False
2022,Washington Wizards,31.7,0.427,False
2025,Orlando Magic,31.7,0.444,False
2015,Golden State Warriors,31.6,0.89,False
2019,Philadelphia 76ers,31.6,0.589,False
2016,Brooklyn Nets,31.6,0.244,False
2019,Los Angeles Lakers,31.6,0.732,False
2022,Cleveland Cavaliers,31.6,0.622,False
2019,Memphis Grizzlies,31.5,0.466,False
2023,Los Angeles Lakers,31.4,0.573,False
2020,Memphis Grizzlies,31.4,0.528,False
2018,Denver Nuggets,31.4,0.659,False
2025,Los Angeles Lakers,31.3,0.778,False
2023,Orlando Magic,31.3,0.573,False
2019,Golden State Warriors,31.3,0.231,False
2016,Golden State Warriors,31.2,0.817,False
2020,Los Angeles Lakers,31.2,0.583,False
2023,Denver Nuggets,31.2,0.695,False
2022,Denver Nuggets,31.2,0.646,False
2022,Los Angeles Lakers,31.2,0.524,False
2022,Orlando Magic,31.1,0.415,False
2017,Chicago Bulls,31.1,0.329,False
2017,Atlanta Hawks,31.0,0.293,False
2018,Los Angeles Lakers,31.0,0.451,False
2017,Denver Nuggets,30.9,0.561,False
2015,Houston Rockets,30.9,0.5,False
2018,Portland Trail Blazers,30.7,0.646,False
2021,Washington Wizards,30.6,0.427,False
2019,Denver Nuggets,30.6,0.63,False
2017,Miami Heat,30.6,0.537,False
2022,Atlanta Hawks,30.5,0.5,False
2025,Detroit Pistons,30.4,0.778,False
2025,Sacramento Kings,30.4,0.333,False
2020,New Orleans Pelicans,30.4,0.431,False
2017,Boston Celtics,30.4,0.671,False
2017,Oklahoma City Thunder,30.4,0.585,False
2018,Philadelphia 76ers,30.2,0.622,False
2016,Dallas Mavericks,30.2,0.402,False
2019,Oklahoma City Thunder,30.2,0.611,False
2020,Philadelphia 76ers,30.1,0.681,False
2022,New Orleans Pelicans,30.1,0.512,False
2020,New York Knicks,30.0,0.569,False
2018,Sacramento Kings,29.9,0.476,False
2018,New Orleans Pelicans,29.9,0.402,False
2017,Philadelphia 76ers,29.8,0.634,False
2016,Philadelphia 76ers,29.8,0.341,False
2025,Houston Rockets,29.8,0.625,False
2020,Cleveland Cavaliers,29.7,0.306,False
2015,Cleveland Cavaliers,29.6,0.695,False
2017,Utah Jazz,29.6,0.585,False
2018,New York Knicks,29.5,0.207,False
2015,Charlotte Hornets,29.4,0.585,False
2017,Orlando Magic,29.3,0.305,False
2018,Phoenix Suns,29.3,0.232,False
2018,Cleveland Cavaliers,29.1,0.232,False
2017,Los Angeles Lakers,29.1,0.427,False
2020,Washington Wizards,29.0,0.472,False
2017,Detroit Pistons,28.9,0.476,False
2012,New York Knicks,28.9,0.659,False
2017,Golden State Warriors,28.9,0.707,False
2012,Houston Rockets,28.9,0.549,False
2018,Memphis Grizzlies,28.9,0.402,False
2022,Chicago Bulls,28.9,0.488,False
2016,Denver Nuggets,28.8,0.488,False
2021,Chicago Bulls,28.8,0.561,False
2018,Minnesota Timberwolves,28.7,0.439,False
2016,Charlotte Hornets,28.6,0.439,False
2015,Dallas Mavericks,28.6,0.512,False
2015,Portland Trail Blazers,28.5,0.537,False
2019,San Antonio Spurs,28.5,0.451,False
2020,San Antonio Spurs,28.4,0.458,False
2015,Atlanta Hawks,28.4,0.585,False
2019,New York Knicks,28.4,0.318,False
2017,New Orleans Pelicans,28.2,0.585,False
2017,Portland Trail Blazers,28.1,0.598,False
2019,Indiana Pacers,28.0,0.616,False
2017,Phoenix Suns,27.9,0.256,False
2008,New York Knicks,27.9,0.39,False
2016,Portland Trail Blazers,27.7,0.5,False
2015,Philadelphia 76ers,27.5,0.122,False
2014,Cleveland Cavaliers,27.5,0.646,False
2016,Los Angeles Clippers,27.4,0.622,False
2009,Orlando Magic,27.3,0.72,False
2017,Charlotte Hornets,27.2,0.439,False
2014,Portland Trail Blazers,27.2,0.622,False
2011,Orlando Magic,27.0,0.561,False
2014,Golden State Warriors,27.0,0.817,False
2016,Miami Heat,27.0,0.5,False
2014,Los Angeles Clippers,26.9,0.683,False
2017,Los Angeles Clippers,26.8,0.512,False
2016,New Orleans Pelicans,26.8,0.415,False
2015,Los Angeles Clippers,26.7,0.646,False
2007,Golden State Warriors,26.6,0.585,False
2013,Houston Rockets,26.6,0.659,False
2017,Washington Wizards,26.5,0.524,False
2016,Memphis Grizzlies,26.5,0.524,False
2014,Philadelphia 76ers,26.3,0.22,False
2002,Boston Celtics,26.3,0.537,False
2017,Memphis Grizzlies,26.2,0.268,False
2014,Atlanta Hawks,26.2,0.732,False
2015,Detroit Pistons,26.2,0.537,False
2008,Orlando Magic,26.2,0.72,False
2009,New York Knicks,26.2,0.354,False
2015,Boston Celtics,26.1,0.585,False
2016,Orlando Magic,26.1,0.354,False
2016,Atlanta Hawks,26.1,0.524,False
2016,Utah Jazz,26.0,0.622,False
2018,Chicago Bulls,25.9,0.268,False
2018,Los Angeles Clippers,25.8,0.585,False
2015,Phoenix Suns,25.8,0.28,False
2016,Oklahoma City Thunder,25.8,0.573,False
2013,Atlanta Hawks,25.8,0.463,False
2016,Los Angeles Lakers,25.7,0.317,False
2010,Orlando Magic,25.6,0.634,False
2005,Phoenix Suns,25.6,0.659,False
2014,Dallas Mavericks,25.4,0.61,False
2018,Indiana Pacers,25.4,0.585,False
2010,New York Knicks,25.4,0.512,False
2007,Orlando Magic,25.3,0.634,False
2018,San Antonio Spurs,25.3,0.585,False
2013,Portland Trail Blazers,25.3,0.659,False
2014,Toronto Raptors,25.1,0.598,False
2013,Phoenix Suns,25.1,0.585,False
2014,Phoenix Suns,25.0,0.476,False
2014,Detroit Pistons,24.9,0.39,False
1995,Dallas Mavericks,24.9,0.317,False
2013,New York Knicks,24.9,0.451,False
2013,Golden State Warriors,24.8,0.622,False
2014,Denver Nuggets,24.8,0.366,False
2013,Los Angeles Lakers,24.8,0.329,False
2016,Washington Wizards,24.8,0.598,False
2004,Phoenix Suns,24.7,0.756,False
2017,Milwaukee Bucks,24.7,0.537,False
2016,New York Knicks,24.7,0.378,False
2014,Boston Celtics,24.6,0.488,False
2007,Indiana Pacers,24.6,0.439,False
2015,Los Angeles Lakers,24.6,0.207,False
2012,Los Angeles Lakers,24.6,0.549,False
2017,Indiana Pacers,24.5,0.585,False
2016,Toronto Raptors,24.3,0.622,False
2015,Washington Wizards,24.2,0.5,False
2017,San Antonio Spurs,24.1,0.573,False
2017,Sacramento Kings,24.0,0.329,False
2006,Golden State Warriors,24.0,0.512,False
2013,Los Angeles Clippers,24.0,0.695,False
2006,Phoenix Suns,24.0,0.744,False
2016,Sacramento Kings,23.9,0.39,False
2013,Denver Nuggets,23.9,0.439,False
2015,Utah Jazz,23.9,0.488,False
2015,New Orleans Pelicans,23.8,0.366,False
2016,Milwaukee Bucks,23.7,0.512,False
2001,Boston Celtics,23.7,0.598,False
2015,Oklahoma City Thunder,23.7,0.671,False
2015,Denver Nuggets,23.7,0.402,False
2003,Seattle SuperSonics,23.6,0.451,False
2016,San Antonio Spurs,23.5,0.744,False
2013,Brooklyn Nets,23.4,0.537,False
2013,Toronto Raptors,23.4,0.585,False
2016,Detroit Pistons,23.4,0.451,False
2015,Toronto Raptors,23.4,0.683,False
2017,New York Knicks,23.3,0.354,False
2011,New York Knicks,23.3,0.545,False
2012,Portland Trail Blazers,23.2,0.402,False
2012,Atlanta Hawks,23.2,0.537,False
2009,Indiana Pacers,23.1,0.39,False
2006,Houston Rockets,23.1,0.634,False
2015,Indiana Pacers,23.0,0.549,False
2016,Indiana Pacers,23.0,0.512,False
2013,Dallas Mavericks,22.9,0.598,False
1996,Miami Heat,22.7,0.744,False
2014,Oklahoma City Thunder,22.7,0.549,False
2010,Phoenix Suns,22.6,0.488,False
2016,Phoenix Suns,22.6,0.293,False
2014,San Antonio Spurs,22.5,0.671,False
2013,Philadelphia 76ers,22.5,0.232,False
2017,Minnesota Timberwolves,22.5,0.573,False
2010,Houston Rockets,22.5,0.524,False
2011,New Jersey Nets,22.4,0.333,False
2015,Sacramento Kings,22.4,0.402,False
2013,Oklahoma City Thunder,22.4,0.72,False
1996,Houston Rockets,22.4,0.695,False
2009,Houston Rockets,22.4,0.512,False
1996,Atlanta Hawks,22.4,0.683,False
2005,Golden State Warriors,22.3,0.415,False
2016,Chicago Bulls,22.3,0.5,False
2013,Miami Heat,22.3,0.659,False
2014,Chicago Bulls,22.3,0.61,False
2004,Seattle SuperSonics,22.2,0.634,False
2011,Dallas Mavericks,22.2,0.545,False
2015,Orlando Magic,22.2,0.427,False
2009,Milwaukee Bucks,22.1,0.561,False
2004,Los Angeles Lakers,22.1,0.415,False
2012,Miami Heat,22.1,0.805,False
2011,Los Angeles Clippers,21.8,0.606,False
2014,Utah Jazz,21.7,0.463,False
2007,Memphis Grizzlies,21.7,0.268,False
2004,Golden State Warriors,21.6,0.415,False
2009,Phoenix Suns,21.6,0.659,False
2010,Dallas Mavericks,21.6,0.695,False
2011,Minnesota Timberwolves,21.6,0.394,False
2012,San Antonio Spurs,21.5,0.707,False
2007,Phoenix Suns,21.5,0.671,False
2015,New York Knicks,21.5,0.39,False
1995,Houston Rockets,21.5,0.585,False
2012,Brooklyn Nets,21.5,0.598,False
2013,Minnesota Timberwolves,21.4,0.488,False
2013,San Antonio Spurs,21.4,0.756,False
1994,Houston Rockets,21.4,0.573,False
2015,Chicago Bulls,21.4,0.512,False
2012,Los Angeles Clippers,21.4,0.683,False
2007,Los Angeles Lakers,21.4,0.695,False
2010,Golden State Warriors,21.3,0.439,False
2011,San Antonio Spurs,21.3,0.758,False
2014,Indiana Pacers,21.2,0.463,False
2008,New Jersey Nets,21.2,0.415,False
2013,Boston Celtics,21.1,0.305,False
2010,San Antonio Spurs,21.1,0.744,False
2008,Indiana Pacers,21.0,0.439,False
2006,Los Angeles Lakers,21.0,0.512,False
2016,Minnesota Timberwolves,21.0,0.378,False
2011,Portland Trail Blazers,20.9,0.424,False
1996,Denver Nuggets,20.9,0.256,False
2007,Houston Rockets,20.8,0.671,False
2013,Washington Wizards,20.8,0.537,False
2010,Denver Nuggets,20.8,0.61,False
2009,Golden State Warriors,20.6,0.317,False
2012,Sacramento Kings,20.5,0.341,False
2004,Toronto Raptors,20.5,0.402,False
2011,Golden State Warriors,20.5,0.348,False
2006,New Jersey Nets,20.4,0.5,False
2012,Milwaukee Bucks,20.4,0.463,False
2008,Cleveland Cavaliers,20.4,0.805,False
1997,Houston Rockets,20.4,0.5,False
2002,Dallas Mavericks,20.3,0.732,False
2003,New Orleans Hornets,20.3,0.5,False
2012,Toronto Raptors,20.3,0.415,False
1996,Orlando Magic,20.3,0.549,False
2001,Orlando Magic,20.2,0.537,False
2014,Miami Heat,20.2,0.451,False
2008,Houston Rockets,20.2,0.646,False
1999,Sacramento Kings,20.2,0.537,False
2010,Indiana Pacers,20.2,0.451,False
2011,Atlanta Hawks,20.2,0.606,False
2011,Houston Rockets,20.2,0.515,False
2001,Dallas Mavericks,20.1,0.695,False
1995,Orlando Magic,20.1,0.732,False
2013,Cleveland Cavaliers,20.0,0.402,False
2011,Oklahoma City Thunder,20.0,0.712,False
2014,Brooklyn Nets,19.9,0.463,False
2008,Atlanta Hawks,19.9,0.573,False
2000,Boston Celtics,19.9,0.439,False
2012,Golden State Warriors,19.9,0.573,False
2008,Dallas Mavericks,19.9,0.61,False
2008,Miami Heat,19.9,0.524,False
2005,Seattle SuperSonics,19.9,0.427,False
2011,Denver Nuggets,19.9,0.576,False
2012,Dallas Mavericks,19.9,0.5,False
1999,Houston Rockets,19.8,0.415,False
1996,Toronto Raptors,19.8,0.366,False
2007,New Orleans Hornets,19.8,0.683,False
2008,San Antonio Spurs,19.8,0.659,False
2005,Toronto Raptors,19.8,0.329,False
2012,Indiana Pacers,19.7,0.605,False
2011,Sacramento Kings,19.7,0.333,False
2014,New York Knicks,19.7,0.207,False
2007,Washington Wizards,19.7,0.524,False
2006,Washington Wizards,19.7,0.5,False
1999,Seattle SuperSonics,19.6,0.549,False
2007,San Antonio Spurs,19.6,0.683,False
2011,Phoenix Suns,19.6,0.5,False
2007,Denver Nuggets,19.6,0.61,False
1994,Golden State Warriors,19.5,0.317,False
2003,Boston Celtics,19.5,0.439,False
2014,Orlando Magic,19.5,0.305,False
2013,Orlando Magic,19.5,0.28,False
1995,Seattle SuperSonics,19.5,0.78,False
1995,Atlanta Hawks,19.5,0.561,False
2008,Sacramento Kings,19.4,0.207,False
2002,Orlando Magic,19.4,0.512,False
2012,Oklahoma City Thunder,19.4,0.732,False
1994,Phoenix Suns,19.3,0.72,False
2014,New Orleans Pelicans,19.3,0.549,False
2005,Los Angeles Lakers,19.3,0.549,False
2001,Milwaukee Bucks,19.3,0.5,False
1996,Seattle SuperSonics,19.3,0.695,False
2009,Cleveland Cavaliers,19.3,0.744,False
2002,New York Knicks,19.3,0.451,False
1995,Cleveland Cavaliers,19.3,0.573,False
2011,Cleveland Cavaliers,19.3,0.318,False
2012,Cleveland Cavaliers,19.3,0.293,False
2013,Detroit Pistons,19.3,0.354,False
1994,Atlanta Hawks,19.3,0.512,False
2005,Memphis Grizzlies,19.2,0.598,False
2013,Utah Jazz,19.2,0.305,False
2004,Indiana Pacers,19.2,0.537,False
2009,New Orleans Hornets,19.2,0.451,False
2011,Milwaukee Bucks,19.2,0.47,False
1997,Seattle SuperSonics,19.1,0.744,False
2014,Charlotte Hornets,19.1,0.402,False
2010,Minnesota Timberwolves,19.1,0.207,False
2007,Boston Celtics,19.1,0.805,False
2009,Los Angeles Lakers,19.0,0.695,False
2006,San Antonio Spurs,19.0,0.707,False
2008,Portland Trail Blazers,19.0,0.659,False
2013,Milwaukee Bucks,18.9,0.183,False
2009,San Antonio Spurs,18.9,0.61,False
1998,Sacramento Kings,18.9,0.54,False
2014,Los Angeles Lakers,18.9,0.256,False
2007,Cleveland Cavaliers,18.8,0.549,False
1997,Miami Heat,18.8,0.671,False
2013,Indiana Pacers,18.8,0.683,False
2008,Minnesota Timberwolves,18.8,0.293,False
2006,Miami Heat,18.8,0.537,False
2012,Orlando Magic,18.7,0.244,False
2005,Indiana Pacers,18.7,0.5,False
2008,New Orleans Hornets,18.6,0.598,False
2002,Milwaukee Bucks,18.6,0.512,False
2015,Memphis Grizzlies,18.5,0.512,False
2004,Houston Rockets,18.5,0.622,False
1995,Charlotte Hornets,18.5,0.5,False
2010,Los Angeles Clippers,18.5,0.39,False
2015,San Antonio Spurs,18.5,0.817,False
2012,Denver Nuggets,18.5,0.695,False
2009,Denver Nuggets,18.5,0.646,False
2008,Los Angeles Lakers,18.5,0.793,False
2008,Los Angeles Clippers,18.5,0.232,False
2006,Sacramento Kings,18.5,0.402,False
1998,Denver Nuggets,18.4,0.28,False
2001,Detroit Pistons,18.4,0.61,False
2015,Brooklyn Nets,18.4,0.256,False
2010,Portland Trail Blazers,18.3,0.585,False
2014,Milwaukee Bucks,18.3,0.5,False
1996,Los Angeles Lakers,18.3,0.683,False
1996,Detroit Pistons,18.3,0.659,False
1998,Houston Rockets,18.3,0.62,False
2009,Dallas Mavericks,18.3,0.671,False
2004,Washington Wizards,18.3,0.549,False
2003,Sacramento Kings,18.3,0.671,False
2012,Washington Wizards,18.2,0.354,False
1994,Los Angeles Lakers,18.2,0.585,False
2010,Cleveland Cavaliers,18.2,0.232,False
2002,Detroit Pistons,18.1,0.61,False
2010,Los Angeles Lakers,18.1,0.695,False
1999,Indiana Pacers,18.1,0.683,False
2004,Memphis Grizzlies,18.1,0.549,False
2000,Milwaukee Bucks,18.1,0.634,False
2015,Miami Heat,18.0,0.585,False
2001,Houston Rockets,18.0,0.341,False
2010,Miami Heat,18.0,0.707,False
2008,Denver Nuggets,18.0,0.659,False
2005,Chicago Bulls,18.0,0.5,False
2013,Sacramento Kings,18.0,0.341,False
2012,Minnesota Timberwolves,18.0,0.378,False
2008,Golden State Warriors,18.0,0.354,False
1998,Seattle SuperSonics,18.0,0.5,False
2012,New Orleans Hornets,18.0,0.329,False
2006,Milwaukee Bucks,18.0,0.341,False
2013,Charlotte Bobcats,17.9,0.524,False
1997,Los Angeles Clippers,17.9,0.207,False
2005,Cleveland Cavaliers,17.9,0.61,False
2006,Toronto Raptors,17.9,0.573,False
2013,Chicago Bulls,17.8,0.585,False
2007,Toronto Raptors,17.8,0.5,False
1995,Miami Heat,17.8,0.512,False
2009,Los Angeles Clippers,17.8,0.354,False
2003,Dallas Mavericks,17.8,0.634,False
2012,Phoenix Suns,17.7,0.305,False
2009,Atlanta Hawks,17.7,0.646,False
2007,New York Knicks,17.7,0.28,False
2004,Philadelphia 76ers,17.7,0.524,False
1995,Boston Celtics,17.7,0.402,False
2006,Seattle SuperSonics,17.7,0.378,False
2005,Detroit Pistons,17.7,0.78,False
2005,New Jersey Nets,17.6,0.598,False
1994,New York Knicks,17.6,0.671,False
2008,Phoenix Suns,17.6,0.561,False
2000,Denver Nuggets,17.6,0.488,False
2007,Charlotte Bobcats,17.6,0.39,False
2005,Miami Heat,17.6,0.634,False
2012,Detroit Pistons,17.6,0.354,False
2006,Denver Nuggets,17.6,0.549,False
2001,Los Angeles Lakers,17.5,0.707,False
2012,Philadelphia 76ers,17.5,0.415,False
1995,Philadelphia 76ers,17.5,0.22,False
2009,Boston Celtics,17.5,0.61,False
2004,Chicago Bulls,17.5,0.573,False
2007,New Jersey Nets,17.4,0.415,False
1996,Phoenix Suns,17.4,0.488,False
2010,Atlanta Hawks,17.4,0.537,False
2009,Miami Heat,17.4,0.573,False
2007,Portland Trail Blazers,17.4,0.5,False
2010,Chicago Bulls,17.3,0.756,False
1997,Los Angeles Lakers,17.3,0.744,False
2010,Milwaukee Bucks,17.2,0.427,False
2005,Houston Rockets,17.2,0.415,False
2000,Houston Rockets,17.2,0.549,False
1994,Orlando Magic,17.2,0.695,False
1994,Charlotte Hornets,17.2,0.61,False
2008,Milwaukee Bucks,17.2,0.415,False
2005,Sacramento Kings,17.2,0.537,False
2012,Boston Celtics,17.2,0.506,False
2003,Houston Rockets,17.1,0.549,False
2006,Cleveland Cavaliers,17.1,0.61,False
2006,Dallas Mavericks,17.1,0.817,False
2010,Oklahoma City Thunder,17.1,0.671,False
2007,Dallas Mavericks,17.1,0.622,False
1996,Chicago Bulls,17.1,0.841,False
1996,Portland Trail Blazers,17.1,0.598,False
2012,Charlotte Bobcats,17.1,0.256,False
2009,Toronto Raptors,17.0,0.488,False
1999,Denver Nuggets,17.0,0.427,False
2004,Sacramento Kings,17.0,0.61,False
1994,Detroit Pistons,17.0,0.341,False
2004,San Antonio Spurs,17.0,0.72,False
2005,Washington Wizards,17.0,0.512,False
2006,Indiana Pacers,16.9,0.427,False
2009,Portland Trail Blazers,16.9,0.61,False
2011,Chicago Bulls,16.9,0.758,False
2012,Utah Jazz,16.9,0.524,False
2000,Miami Heat,16.9,0.61,False
2009,Sacramento Kings,16.9,0.305,False
1996,Charlotte Hornets,16.9,0.659,False
2011,Los Angeles Lakers,16.8,0.621,False
2014,Washington Wizards,16.8,0.561,False
2009,Philadelphia 76ers,16.8,0.329,False
1999,New Jersey Nets,16.8,0.378,False
1995,Los Angeles Clippers,16.8,0.354,False
2007,Miami Heat,16.7,0.183,False
1996,New Jersey Nets,16.7,0.317,False
2006,New York Knicks,16.7,0.402,False
2007,Sacramento Kings,16.7,0.463,False
2002,Los Angeles Lakers,16.7,0.61,False
1996,Golden State Warriors,16.6,0.366,False
2006,Memphis Grizzlies,16.6,0.268,False
2005,San Antonio Spurs,16.6,0.768,False
1995,Los Angeles Lakers,16.6,0.646,False
1995,Portland Trail Blazers,16.6,0.537,False
2003,Miami Heat,16.5,0.512,False
2000,Dallas Mavericks,16.5,0.646,False
1996,Philadelphia 76ers,16.5,0.268,False
2008,Boston Celtics,16.5,0.756,False
2000,Sacramento Kings,16.5,0.671,False
2014,Sacramento Kings,16.5,0.354,False
1995,Detroit Pistons,16.5,0.561,False
1995,Chicago Bulls,16.5,0.878,False
1994,Milwaukee Bucks,16.5,0.415,False
2015,Minnesota Timberwolves,16.4,0.354,False
2000,Orlando Magic,16.4,0.524,False
2001,New York Knicks,16.4,0.366,False
2008,Charlotte Bobcats,16.3,0.427,False
1996,Los Angeles Clippers,16.3,0.439,False
2010,New Jersey Nets,16.3,0.293,False
2011,Toronto Raptors,16.3,0.348,False
2011,Washington Wizards,16.3,0.303,False
2005,Milwaukee Bucks,16.3,0.488,False
2009,Charlotte Bobcats,16.2,0.537,False
1996,Boston Celtics,16.2,0.183,False
2007,Detroit Pistons,16.2,0.72,False
1999,Dallas Mavericks,16.2,0.488,False
2011,Indiana Pacers,16.1,0.636,False
1995,San Antonio Spurs,16.1,0.72,False
1998,Miami Heat,16.1,0.66,False
2001,Portland Trail Blazers,16.1,0.598,False
2004,New Orleans Hornets,16.0,0.22,False
1996,Dallas Mavericks,16.0,0.293,False
2003,Memphis Grizzlies,16.0,0.61,False
2007,Milwaukee Bucks,16.0,0.317,False
1998,Indiana Pacers,16.0,0.66,False
2007,Chicago Bulls,15.9,0.402,False
2006,Detroit Pistons,15.9,0.646,False
1994,Seattle SuperSonics,15.9,0.695,False
2013,New Orleans Pelicans,15.9,0.415,False
1994,New Jersey Nets,15.8,0.366,False
2003,Toronto Raptors,15.8,0.402,False
1996,New York Knicks,15.8,0.695,False
2008,Chicago Bulls,15.8,0.5,False
2001,Seattle SuperSonics,15.8,0.549,False
2002,Seattle SuperSonics,15.7,0.488,False
2005,Boston Celtics,15.7,0.402,False
2008,Toronto Raptors,15.7,0.402,False
2002,Sacramento Kings,15.7,0.72,False
2001,Denver Nuggets,15.7,0.329,False
1995,New York Knicks,15.7,0.573,False
1993,Houston Rockets,15.7,0.707,False
1996,Cleveland Cavaliers,15.7,0.512,False
2006,Boston Celtics,15.6,0.293,False
2003,Golden State Warriors,15.6,0.451,False
2003,Indiana Pacers,15.6,0.744,False
2006,Charlotte Bobcats,15.6,0.402,False
2011,Miami Heat,15.6,0.697,False
2002,Memphis Grizzlies,15.6,0.341,False
2015,Milwaukee Bucks,15.6,0.402,False
2010,Sacramento Kings,15.6,0.293,False
2000,Los Angeles Lakers,15.5,0.683,False
1996,Vancouver Grizzlies,15.5,0.171,False
2004,Dallas Mavericks,15.5,0.707,False
2002,San Antonio Spurs,15.5,0.732,False
2003,Washington Wizards,15.5,0.305,False
2002,Houston Rockets,15.5,0.524,False
1999,Los Angeles Clippers,15.5,0.183,False
1994,Portland Trail Blazers,15.4,0.537,False
2012,Chicago Bulls,15.4,0.549,False
1994,Washington Bullets,15.4,0.256,False
2005,Charlotte Bobcats,15.4,0.317,False
2004,Miami Heat,15.4,0.72,False
1999,Boston Celtics,15.4,0.427,False
2007,Minnesota Timberwolves,15.4,0.268,False
2010,Detroit Pistons,15.3,0.366,False
2010,Utah Jazz,15.3,0.476,False
2006,NOK,15.3,0.476,False
2003,Chicago Bulls,15.3,0.28,False
2004,Boston Celtics,15.3,0.549,False
2003,Atlanta Hawks,15.2,0.341,False
1997,Boston Celtics,15.2,0.439,False
2010,Philadelphia 76ers,15.2,0.5,False
2003,Orlando Magic,15.2,0.256,False
2014,Memphis Grizzlies,15.2,0.671,False
1999,Phoenix Suns,15.2,0.646,False
1998,Boston Celtics,15.2,0.38,False
2004,New York Knicks,15.1,0.402,False
2006,Chicago Bulls,15.1,0.598,False
2002,Golden State Warriors,15.1,0.463,False
2010,New Orleans Hornets,15.0,0.561,False
2006,Portland Trail Blazers,15.0,0.39,False
2009,Oklahoma City Thunder,15.0,0.61,False
2011,Boston Celtics,15.0,0.591,False
2009,Washington Wizards,14.9,0.317,False
2014,Minnesota Timberwolves,14.9,0.195,False
1999,Detroit Pistons,14.9,0.512,False
1995,Washington Bullets,14.8,0.476,False
2001,San Antonio Spurs,14.8,0.707,False
1997,Phoenix Suns,14.8,0.683,False
2009,Utah Jazz,14.7,0.646,False
1998,Charlotte Hornets,14.7,0.52,False
2010,Charlotte Bobcats,14.7,0.415,False
2004,New Jersey Nets,14.7,0.512,False
2003,Phoenix Suns,14.7,0.354,False
1999,Miami Heat,14.7,0.634,False
1994,Dallas Mavericks,14.6,0.439,False
1995,Golden State Warriors,14.6,0.439,False
2008,Washington Wizards,14.6,0.232,False
2011,Philadelphia 76ers,14.6,0.53,False
2001,Indiana Pacers,14.6,0.512,False
2001,Atlanta Hawks,14.6,0.402,False
2001,New Jersey Nets,14.6,0.634,False
1995,Sacramento Kings,14.6,0.476,False
2002,Toronto Raptors,14.5,0.293,False
2009,Detroit Pistons,14.5,0.329,False
1994,Chicago Bulls,14.5,0.573,False
2009,New Jersey Nets,14.5,0.146,False
1997,Dallas Mavericks,14.4,0.244,False
2010,Washington Wizards,14.4,0.28,False
1994,Miami Heat,14.4,0.39,False
2009,Minnesota Timberwolves,14.4,0.183,False
1996,San Antonio Spurs,14.4,0.244,False
2002,Los Angeles Clippers,14.4,0.329,False
1999,Toronto Raptors,14.3,0.549,False
2000,Seattle SuperSonics,14.3,0.537,False
1995,Toronto Raptors,14.2,0.256,False
2000,Toronto Raptors,14.2,0.573,False
2004,Portland Trail Blazers,14.2,0.329,False
2001,Sacramento Kings,14.1,0.744,False
1994,Denver Nuggets,14.1,0.5,False
2000,Indiana Pacers,14.1,0.5,False
1994,San Antonio Spurs,14.1,0.756,False
2005,Atlanta Hawks,14.1,0.317,False
1998,Phoenix Suns,14.0,0.54,False
2002,Portland Trail Blazers,14.0,0.61,False
2002,Phoenix Suns,14.0,0.537,False
1995,Denver Nuggets,14.0,0.427,False
2013,Memphis Grizzlies,14.0,0.61,False
2001,Los Angeles Clippers,14.0,0.476,False
1988,New York Knicks,14.0,0.634,False
2004,Minnesota Timberwolves,14.0,0.537,False
2003,Milwaukee Bucks,14.0,0.5,False
2002,Atlanta Hawks,13.9,0.427,False
2003,San Antonio Spurs,13.9,0.695,False
1997,New York Knicks,13.9,0.524,False
2011,Detroit Pistons,13.9,0.379,False
1993,Orlando Magic,13.9,0.61,False
1996,Indiana Pacers,13.8,0.476,False
1995,Vancouver Grizzlies,13.8,0.183,False
1999,Portland Trail Blazers,13.8,0.72,False
1998,Los Angeles Lakers,13.7,0.62,False
2003,New Jersey Nets,13.7,0.573,False
2008,Utah Jazz,13.7,0.585,False
2010,Boston Celtics,13.6,0.683,False
2002,Indiana Pacers,13.6,0.585,False
2003,Los Angeles Lakers,13.6,0.683,False
2003,New York Knicks,13.6,0.476,False
2000,New York Knicks,13.6,0.585,False
1998,Detroit Pistons,13.6,0.58,False
1998,New Jersey Nets,13.6,0.32,False
2005,Dallas Mavericks,13.6,0.732,False
2000,Detroit Pistons,13.6,0.39,False
2001,Toronto Raptors,13.5,0.512,False
2011,Charlotte Bobcats,13.5,0.106,False
2012,Memphis Grizzlies,13.5,0.683,False
1998,Orlando Magic,13.5,0.66,False
1998,Portland Trail Blazers,13.5,0.7,False
2008,Memphis Grizzlies,13.5,0.293,False
2003,Portland Trail Blazers,13.4,0.5,False
2002,Miami Heat,13.4,0.305,False
2001,Memphis Grizzlies,13.4,0.28,False
2001,Phoenix Suns,13.4,0.439,False
1998,Los Angeles Clippers,13.4,0.18,False
2007,Utah Jazz,13.4,0.659,False
1992,Phoenix Suns,13.4,0.756,False
2000,San Antonio Spurs,13.3,0.707,False
1996,Minnesota Timberwolves,13.3,0.488,False
2010,Toronto Raptors,13.3,0.268,False
2006,Minnesota Timberwolves,13.3,0.39,False
1997,Toronto Raptors,13.2,0.195,False
1998,Toronto Raptors,13.2,0.46,False
2000,New Jersey Nets,13.2,0.317,False
2008,Detroit Pistons,13.2,0.476,False
2007,Los Angeles Clippers,13.2,0.28,False
2007,Atlanta Hawks,13.1,0.451,False
2005,Denver Nuggets,13.1,0.537,False
1992,Atlanta Hawks,13.1,0.524,False
2002,New Orleans Hornets,13.1,0.573,False
1992,Houston Rockets,13.1,0.671,False
2008,Philadelphia 76ers,13.1,0.5,False
1999,Golden State Warriors,13.0,0.232,False
1999,Milwaukee Bucks,13.0,0.512,False
2009,Chicago Bulls,13.0,0.5,False
2000,Los Angeles Clippers,13.0,0.378,False
1990,Denver Nuggets,12.9,0.244,False
1996,Sacramento Kings,12.9,0.415,False
2000,Portland Trail Blazers,12.9,0.61,False
1998,Atlanta Hawks,12.9,0.62,False
2006,Utah Jazz,12.9,0.622,False
1995,Milwaukee Bucks,12.9,0.305,False
2011,Memphis Grizzlies,12.9,0.621,False
2000,Phoenix Suns,12.9,0.622,False
2004,Detroit Pistons,12.8,0.659,False
1994,Los Angeles Clippers,12.8,0.207,False
2011,Utah Jazz,12.8,0.545,False
2001,Minnesota Timberwolves,12.8,0.61,False
1999,Los Angeles Lakers,12.8,0.817,False
1997,Portland Trail Blazers,12.8,0.561,False
2005,Portland Trail Blazers,12.7,0.256,False
1993,Phoenix Suns,12.7,0.683,False
2002,New Jersey Nets,12.7,0.598,False
1993,Detroit Pistons,12.7,0.244,False
2006,Atlanta Hawks,12.7,0.366,False
1994,Sacramento Kings,12.6,0.476,False
1994,Cleveland Cavaliers,12.6,0.524,False
1999,Chicago Bulls,12.6,0.207,False
2005,Philadelphia 76ers,12.6,0.463,False
1997,Indiana Pacers,12.5,0.707,False
2001,Cleveland Cavaliers,12.5,0.354,False
2003,Los Angeles Clippers,12.5,0.341,False
2009,Memphis Grizzlies,12.4,0.488,False
1993,Milwaukee Bucks,12.4,0.244,False
1997,Atlanta Hawks,12.4,0.61,False
1994,Minnesota Timberwolves,12.4,0.256,False
1998,Milwaukee Bucks,12.4,0.56,False
1995,Utah Jazz,12.4,0.671,False
1991,Milwaukee Bucks,12.3,0.378,False
1998,Chicago Bulls,12.2,0.26,False
1999,Charlotte Hornets,12.2,0.598,False
1996,Washington Bullets,12.2,0.537,False
2002,Chicago Bulls,12.2,0.366,False
1993,Miami Heat,12.2,0.512,False
2001,Charlotte Hornets,12.1,0.537,False
2001,Golden State Warriors,12.1,0.256,False
2003,Philadelphia 76ers,12.1,0.402,False
1990,Houston Rockets,12.1,0.634,False
2003,Denver Nuggets,12.0,0.524,False
1994,Indiana Pacers,12.0,0.634,False
2000,Charlotte Hornets,12.0,0.561,False
1995,Phoenix Suns,12.0,0.5,False
1994,Boston Celtics,12.0,0.427,False
1998,Dallas Mavericks,11.9,0.38,False
2004,Atlanta Hawks,11.9,0.159,False
1995,Indiana Pacers,11.9,0.634,False
2003,Detroit Pistons,11.8,0.659,False
1998,New York Knicks,11.8,0.54,False
2011,New Orleans Hornets,11.8,0.318,False
2000,Golden State Warriors,11.8,0.207,False
2006,Orlando Magic,11.7,0.488,False
1997,Chicago Bulls,11.7,0.756,False
1991,Houston Rockets,11.7,0.512,False
2007,Philadelphia 76ers,11.6,0.488,False
1998,Washington Wizards,11.6,0.36,False
2000,Chicago Bulls,11.6,0.183,False
2008,Oklahoma City Thunder,11.6,0.28,False
2000,Vancouver Grizzlies,11.5,0.28,False
1997,Washington Wizards,11.5,0.512,False
1991,Portland Trail Blazers,11.5,0.695,False
2005,Minnesota Timberwolves,11.5,0.402,False
1993,Philadelphia 76ers,11.5,0.305,False
1992,Philadelphia 76ers,11.5,0.317,False
2004,Denver Nuggets,11.5,0.598,False
1992,Miami Heat,11.5,0.439,False
1991,Indiana Pacers,11.5,0.488,False
2007,Seattle SuperSonics,11.5,0.244,False
1997,Detroit Pistons,11.4,0.451,False
1999,New York Knicks,11.4,0.61,False
1997,New Jersey Nets,11.4,0.524,False
1994,Philadelphia 76ers,11.4,0.293,False
1992,Milwaukee Bucks,11.4,0.341,False
2000,Atlanta Hawks,11.4,0.305,False
1998,Golden State Warriors,11.3,0.42,False
2010,Memphis Grizzlies,11.3,0.561,False
2005,Utah Jazz,11.3,0.5,False
2004,Milwaukee Bucks,11.3,0.366,False
1996,Milwaukee Bucks,11.2,0.402,False
1999,Cleveland Cavaliers,11.2,0.39,False
2004,Orlando Magic,11.2,0.439,False
1993,Charlotte Hornets,11.2,0.5,False
1993,New York Knicks,11.1,0.695,False
1992,Detroit Pistons,11.1,0.488,False
1997,Orlando Magic,11.1,0.5,False
2004,Cleveland Cavaliers,11.0,0.512,False
1997,Charlotte Hornets,11.0,0.622,False
1990,Portland Trail Blazers,11.0,0.768,False
2006,Los Angeles Clippers,11.0,0.488,False
1996,Utah Jazz,11.0,0.78,False
2000,Minnesota Timberwolves,11.0,0.573,False
2001,Miami Heat,11.0,0.439,False
1999,Vancouver Grizzlies,11.0,0.268,False
1997,Vancouver Grizzlies,11.0,0.232,False
2003,Minnesota Timberwolves,10.9,0.707,False
2002,Cleveland Cavaliers,10.9,0.207,False
1997,Denver Nuggets,10.9,0.134,False
1999,Washington Wizards,10.9,0.354,False
1992,Orlando Magic,10.8,0.5,False
2005,NOK,10.8,0.463,False
2005,New York Knicks,10.8,0.28,False
1999,San Antonio Spurs,10.8,0.646,False
2004,Charlotte Bobcats,10.7,0.22,False
1998,Cleveland Cavaliers,10.7,0.44,False
1997,Minnesota Timberwolves,10.6,0.549,False
1999,Orlando Magic,10.6,0.5,False
2001,Chicago Bulls,10.6,0.256,False
1997,San Antonio Spurs,10.5,0.683,False
1993,Golden State Warriors,10.5,0.61,False
1995,Minnesota Timberwolves,10.5,0.317,False
1998,San Antonio Spurs,10.4,0.74,False
1999,Utah Jazz,10.4,0.671,False
2000,Utah Jazz,10.4,0.646,False
1992,Golden State Warriors,10.4,0.415,False
1989,Cleveland Cavaliers,10.4,0.512,False
2000,Washington Wizards,10.3,0.232,False
2005,Los Angeles Clippers,10.3,0.573,False
1992,Portland Trail Blazers,10.3,0.622,False
2001,Utah Jazz,10.3,0.537,False
1989,Los Angeles Lakers,10.3,0.768,False
1992,Dallas Mavericks,10.2,0.134,False
1990,Atlanta Hawks,10.2,0.524,False
1993,Los Angeles Clippers,10.1,0.329,False
1993,Atlanta Hawks,10.1,0.695,False
2002,Denver Nuggets,10.0,0.207,False
1988,Sacramento Kings,10.0,0.329,False
2006,Philadelphia 76ers,10.0,0.427,False
1999,Atlanta Hawks,9.9,0.341,False
1993,Cleveland Cavaliers,9.9,0.573,False
2002,Washington Wizards,9.9,0.451,False
1997,Philadelphia 76ers,9.9,0.378,False
1997,Sacramento Kings,9.8,0.329,False
2002,Minnesota Timberwolves,9.8,0.622,False
2000,Philadelphia 76ers,9.8,0.683,False
1993,Los Angeles Lakers,9.8,0.402,False
1997,Cleveland Cavaliers,9.8,0.573,False
1994,Utah Jazz,9.8,0.732,False
1990,Golden State Warriors,9.8,0.537,False
1991,Dallas Mavericks,9.7,0.268,False
2005,Orlando Magic,9.7,0.439,False
1992,Indiana Pacers,9.6,0.5,False
1992,Sacramento Kings,9.6,0.305,False
2002,Philadelphia 76ers,9.6,0.585,False
2003,Cleveland Cavaliers,9.6,0.427,False
2003,Utah Jazz,9.6,0.512,False
2001,Washington Wizards,9.6,0.451,False
1988,Seattle SuperSonics,9.4,0.573,False
1993,Dallas Mavericks,9.4,0.159,False
1993,Portland Trail Blazers,9.4,0.573,False
1989,Indiana Pacers,9.4,0.512,False
1991,Golden State Warriors,9.3,0.671,False
2004,Utah Jazz,9.3,0.317,False
1990,Orlando Magic,9.2,0.378,False
1990,Milwaukee Bucks,9.2,0.585,False
1991,Miami Heat,9.2,0.463,False
1989,Golden State Warriors,9.1,0.451,False
1990,Indiana Pacers,9.1,0.5,False
1995,New Jersey Nets,9.1,0.366,False
1993,Washington Bullets,9.1,0.293,False
1990,Los Angeles Lakers,9.1,0.707,False
1998,Vancouver Grizzlies,9.1,0.16,False
1992,Cleveland Cavaliers,9.0,0.659,False
1993,Sacramento Kings,8.9,0.341,False
1993,Seattle SuperSonics,8.8,0.768,False
1999,Minnesota Timberwolves,8.7,0.61,False
2001,Philadelphia 76ers,8.7,0.524,False
1993,San Antonio Spurs,8.7,0.671,False
1989,New York Knicks,8.7,0.549,False
1991,Cleveland Cavaliers,8.6,0.695,False
1987,Boston Celtics,8.6,0.695,False
1997,Milwaukee Bucks,8.6,0.439,False
1997,Golden State Warriors,8.5,0.232,False
1992,San Antonio Spurs,8.4,0.598,False
1993,New Jersey Nets,8.3,0.549,False
1988,Dallas Mavericks,8.3,0.463,False
1991,Philadelphia 76ers,8.3,0.427,False
1989,Denver Nuggets,8.3,0.524,False
1988,Denver Nuggets,8.2,0.537,False
1991,Sacramento Kings,8.2,0.354,False
1998,Minnesota Timberwolves,8.2,0.5,False
1991,Atlanta Hawks,8.2,0.463,False
1997,Utah Jazz,8.2,0.756,False
1991,New Jersey Nets,8.2,0.488,False
1989,Milwaukee Bucks,8.2,0.537,False
2004,Los Angeles Clippers,8.2,0.451,False
1992,Chicago Bulls,8.2,0.695,False
1989,Chicago Bulls,8.2,0.671,False
1988,Los Angeles Lakers,8.1,0.695,False
2000,Cleveland Cavaliers,8.0,0.366,False
1993,Chicago Bulls,8.0,0.671,False
1986,Dallas Mavericks,8.0,0.671,False
1989,Seattle SuperSonics,7.9,0.5,False
1989,Sacramento Kings,7.9,0.28,False
1991,Seattle SuperSonics,7.9,0.573,False
1988,Philadelphia 76ers,7.9,0.561,False
1988,Portland Trail Blazers,7.9,0.476,False
1999,Philadelphia 76ers,7.8,0.598,False
2002,Utah Jazz,7.8,0.573,False
1987,Seattle SuperSonics,7.8,0.537,False
1998,Utah Jazz,7.8,0.74,False
1989,Utah Jazz,7.7,0.671,False
1988,Golden State Warriors,7.7,0.524,False
1992,Los Angeles Lakers,7.6,0.476,False
1991,New York Knicks,7.5,0.622,False
1990,Philadelphia 76ers,7.5,0.537,False
1988,Indiana Pacers,7.5,0.341,False
1989,Charlotte Hornets,7.5,0.232,False
1992,Seattle SuperSonics,7.4,0.671,False
1998,Philadelphia 76ers,7.4,0.56,False
1991,Orlando Magic,7.4,0.256,False
1992,New York Knicks,7.4,0.732,False
1990,Dallas Mavericks,7.3,0.341,False
1993,Denver Nuggets,7.3,0.512,False
1991,Phoenix Suns,7.3,0.646,False
1990,New Jersey Nets,7.1,0.317,False
1992,Washington Bullets,7.0,0.268,False
1990,Sacramento Kings,7.0,0.305,False
1986,Milwaukee Bucks,7.0,0.61,False
1986,Seattle SuperSonics,7.0,0.476,False
1992,Minnesota Timberwolves,6.9,0.232,False
1988,New Jersey Nets,6.9,0.317,False
1988,Milwaukee Bucks,6.9,0.598,False
1987,New York Knicks,6.9,0.463,False
1989,Portland Trail Blazers,6.9,0.72,False
1986,Boston Celtics,6.9,0.72,False
1987,Denver Nuggets,6.9,0.659,False
1993,Utah Jazz,6.8,0.646,False
1990,New York Knicks,6.8,0.476,False
1993,Minnesota Timberwolves,6.8,0.244,False
1989,Philadelphia 76ers,6.6,0.646,False
1989,Phoenix Suns,6.6,0.659,False
1979,San Diego Clippers,6.6,0.427,False
1989,Detroit Pistons,6.6,0.72,False
1992,Charlotte Hornets,6.5,0.537,False
1991,Washington Bullets,6.5,0.305,False
1988,Chicago Bulls,6.5,0.573,False
1991,Detroit Pistons,6.4,0.585,False
1987,Dallas Mavericks,6.4,0.646,False
1988,Houston Rockets,6.4,0.549,False
1989,New Jersey Nets,6.2,0.207,False
1991,Los Angeles Clippers,6.1,0.549,False
1993,Indiana Pacers,6.1,0.573,False
1992,Los Angeles Clippers,6.0,0.5,False
1989,Houston Rockets,6.0,0.5,False
1992,New Jersey Nets,6.0,0.524,False
1989,Dallas Mavericks,5.9,0.573,False
1987,Indiana Pacers,5.9,0.463,False
1988,Phoenix Suns,5.9,0.671,False
1990,Cleveland Cavaliers,5.8,0.402,False
1987,Los Angeles Lakers,5.8,0.756,False
1993,Boston Celtics,5.8,0.39,False
1988,Cleveland Cavaliers,5.8,0.695,False
1987,Philadelphia 76ers,5.7,0.439,False
1990,Miami Heat,5.7,0.293,False
1991,Utah Jazz,5.6,0.671,False
1990,Utah Jazz,5.6,0.659,False
1987,New Jersey Nets,5.5,0.232,False
1992,Denver Nuggets,5.5,0.439,False
1991,Chicago Bulls,5.5,0.817,False
1987,Sacramento Kings,5.5,0.293,False
1986,New Jersey Nets,5.5,0.293,False
1986,Utah Jazz,5.5,0.537,False
1986,Los Angeles Lakers,5.5,0.793,False
1985,Dallas Mavericks,5.4,0.537,False
1991,Los Angeles Lakers,5.4,0.524,False
1984,Dallas Mavericks,5.4,0.537,False
1990,Detroit Pistons,5.4,0.61,False
1990,Los Angeles Clippers,5.3,0.378,False
1990,Phoenix Suns,5.3,0.671,False
1988,Charlotte Hornets,5.2,0.244,False
1990,Seattle SuperSonics,5.2,0.5,False
1986,Atlanta Hawks,5.2,0.695,False
1990,Chicago Bulls,5.2,0.744,False
1979,Boston Celtics,5.1,0.744,False
1991,Denver Nuggets,5.1,0.293,False
1990,Charlotte Hornets,5.1,0.317,False
1992,Utah Jazz,5.0,0.573,False
1987,San Antonio Spurs,5.0,0.378,False
1989,Atlanta Hawks,5.0,0.5,False
1987,Milwaukee Bucks,5.0,0.512,False
1985,Los Angeles Lakers,5.0,0.756,False
1985,Washington Bullets,5.0,0.476,False
1980,San Diego Clippers,5.0,0.439,False
1991,San Antonio Spurs,4.9,0.573,False
1989,Boston Celtics,4.9,0.634,False
1987,Utah Jazz,4.9,0.573,False
1986,San Antonio Spurs,4.9,0.341,False
1988,Detroit Pistons,4.9,0.768,False
1984,Washington Bullets,4.9,0.488,False
1988,Atlanta Hawks,4.8,0.634,False
1984,Golden State Warriors,4.8,0.268,False
1991,Minnesota Timberwolves,4.8,0.183,False
1989,Orlando Magic,4.8,0.22,False
1985,Boston Celtics,4.8,0.817,False
1986,Denver Nuggets,4.8,0.451,False
1985,Cleveland Cavaliers,4.8,0.354,False
1992,Boston Celtics,4.7,0.585,False
1985,Milwaukee Bucks,4.7,0.695,False
1990,Minnesota Timberwolves,4.6,0.354,False
1988,Utah Jazz,4.6,0.622,False
1987,Portland Trail Blazers,4.6,0.646,False
1979,Houston Rockets,4.6,0.5,False
1986,New York Knicks,4.6,0.293,False
1991,Charlotte Hornets,4.5,0.378,False
1986,Golden State Warriors,4.4,0.512,False
1991,Boston Celtics,4.4,0.622,False
1987,Phoenix Suns,4.4,0.341,False
1986,Los Angeles Clippers,4.2,0.146,False
1990,Boston Celtics,4.2,0.683,False
1986,Philadelphia 76ers,4.1,0.549,False
1986,Portland Trail Blazers,4.1,0.598,False
1986,Cleveland Cavaliers,4.1,0.378,False
1981,San Diego Clippers,4.1,0.207,False
1987,Cleveland Cavaliers,4.1,0.512,False
1984,Cleveland Cavaliers,4.1,0.439,False
1981,Golden State Warriors,4.0,0.549,False
1986,Houston Rockets,4.0,0.512,False
1987,Los Angeles Clippers,3.9,0.207,False
1985,Chicago Bulls,3.9,0.366,False
1983,Utah Jazz,3.9,0.549,False
1986,Indiana Pacers,3.9,0.5,False
1981,Indiana Pacers,3.9,0.427,False
1979,Indiana Pacers,3.8,0.451,False
1987,Golden State Warriors,3.8,0.244,False
1985,Houston Rockets,3.8,0.622,False
1988,Boston Celtics,3.8,0.512,False
1984,Boston Celtics,3.8,0.768,False
1982,San Antonio Spurs,3.8,0.646,False
1986,Sacramento Kings,3.7,0.354,False
1984,Phoenix Suns,3.7,0.439,False
1984,Utah Jazz,3.7,0.5,False
1985,Denver Nuggets,3.7,0.573,False
1989,Miami Heat,3.7,0.22,False
1985,Seattle SuperSonics,3.7,0.378,False
1986,Chicago Bulls,3.6,0.488,False
1988,Miami Heat,3.6,0.183,False
1979,New Jersey Nets,3.6,0.415,False
1990,San Antonio Spurs,3.6,0.671,False
1984,Los Angeles Lakers,3.6,0.756,False
1989,Minnesota Timberwolves,3.6,0.268,False
1984,Milwaukee Bucks,3.6,0.72,False
1988,San Antonio Spurs,3.6,0.256,False
1987,Houston Rockets,3.5,0.561,False
1983,Phoenix Suns,3.5,0.5,False
1990,Washington Bullets,3.5,0.366,False
1987,Atlanta Hawks,3.4,0.61,False
1983,Washington Bullets,3.4,0.427,False
1979,Phoenix Suns,3.4,0.671,False
1985,Golden State Warriors,3.4,0.366,False
1985,Portland Trail Blazers,3.4,0.488,False
1979,Chicago Bulls,3.4,0.366,False
1982,Detroit Pistons,3.3,0.451,False
1982,Houston Rockets,3.3,0.171,False
1983,San Antonio Spurs,3.2,0.451,False
1982,San Diego Clippers,3.2,0.305,False
1983,Denver Nuggets,3.1,0.463,False
1979,Denver Nuggets,3.1,0.366,False
1986,Phoenix Suns,3.1,0.439,False
1981,San Antonio Spurs,3.1,0.585,False
1980,Cleveland Cavaliers,3.0,0.341,False
1988,Washington Bullets,3.0,0.488,False
1987,Chicago Bulls,3.0,0.61,False
1980,Boston Celtics,2.9,0.756,False
1980,Washington Bullets,2.9,0.476,False
1985,New York Knicks,2.9,0.28,False
1984,Kansas City Kings,2.9,0.378,False
1979,Washington Bullets,2.9,0.476,False
1982,Washington Bullets,2.9,0.512,False
1982,Indiana Pacers,2.9,0.244,False
1981,Washington Bullets,2.9,0.524,False
1980,New York Knicks,2.9,0.61,False
1984,Atlanta Hawks,2.9,0.415,False
1984,Denver Nuggets,2.9,0.634,False
1988,Los Angeles Clippers,2.9,0.256,False
1983,Milwaukee Bucks,2.8,0.61,False
1983,New Jersey Nets,2.8,0.549,False
1989,Los Angeles Clippers,2.8,0.366,False
1985,Los Angeles Clippers,2.8,0.39,False
1983,Boston Celtics,2.8,0.756,False
1989,San Antonio Spurs,2.8,0.683,False
1983,Golden State Warriors,2.8,0.451,False
1983,Los Angeles Lakers,2.8,0.659,False
1985,Philadelphia 76ers,2.7,0.659,False
1984,New Jersey Nets,2.7,0.512,False
1984,Philadelphia 76ers,2.7,0.707,False
1979,Detroit Pistons,2.7,0.195,False
1986,Washington Bullets,2.7,0.512,False
1982,Kansas City Kings,2.6,0.549,False
1985,New Jersey Nets,2.6,0.476,False
1981,New York Knicks,2.6,0.402,False
1981,Chicago Bulls,2.6,0.415,False
1981,Detroit Pistons,2.6,0.476,False
1980,Golden State Warriors,2.6,0.476,False
1982,Chicago Bulls,2.5,0.341,False
1983,Indiana Pacers,2.5,0.317,False
1979,San Antonio Spurs,2.5,0.5,False
1987,Detroit Pistons,2.5,0.659,False
1984,Portland Trail Blazers,2.5,0.512,False
1984,San Antonio Spurs,2.5,0.5,False
1984,Detroit Pistons,2.4,0.561,False
1984,New York Knicks,2.4,0.293,False
1989,Washington Bullets,2.4,0.378,False
1985,San Antonio Spurs,2.4,0.427,False
1979,New York Knicks,2.3,0.476,False
1981,Dallas Mavericks,2.3,0.341,False
1983,Kansas City Kings,2.3,0.463,False
1979,Seattle SuperSonics,2.3,0.683,False
1984,Los Angeles Clippers,2.3,0.378,False
1982,Atlanta Hawks,2.3,0.524,False
1979,Cleveland Cavaliers,2.3,0.451,False
1984,Houston Rockets,2.3,0.585,False
1982,Boston Celtics,2.3,0.683,False
1984,Seattle SuperSonics,2.3,0.378,False
1982,Dallas Mavericks,2.3,0.463,False
1979,Utah Jazz,2.3,0.293,False
1983,Dallas Mavericks,2.2,0.524,False
1981,Boston Celtics,2.2,0.768,False
1985,Phoenix Suns,2.2,0.39,False
1982,Utah Jazz,2.2,0.366,False
1985,Detroit Pistons,2.2,0.561,False
1980,Chicago Bulls,2.2,0.549,False
1981,Houston Rockets,2.1,0.561,False
1981,Phoenix Suns,2.1,0.561,False
1986,Detroit Pistons,2.1,0.634,False
1985,Utah Jazz,2.1,0.512,False
1982,Milwaukee Bucks,2.1,0.622,False
1980,Indiana Pacers,2.1,0.537,False
1980,Kansas City Kings,2.0,0.488,False
1985,Atlanta Hawks,2.0,0.61,False
1983,New York Knicks,2.0,0.573,False
1980,Dallas Mavericks,2.0,0.183,False
1983,Cleveland Cavaliers,2.0,0.341,False
1981,Milwaukee Bucks,2.0,0.671,False
1980,Utah Jazz,2.0,0.341,False
1984,Chicago Bulls,2.0,0.463,False
1980,Phoenix Suns,2.0,0.695,False
1982,Phoenix Suns,1.9,0.646,False
1984,Indiana Pacers,1.9,0.268,False
1979,Milwaukee Bucks,1.9,0.598,False
1983,Houston Rockets,1.9,0.354,False
1981,Seattle SuperSonics,1.9,0.634,False
1982,Golden State Warriors,1.8,0.366,False
1982,Portland Trail Blazers,1.8,0.561,False
1982,New Jersey Nets,1.8,0.598,False
1981,Denver Nuggets,1.8,0.561,False
1980,Portland Trail Blazers,1.8,0.549,False
1981,New Jersey Nets,1.8,0.537,False
1980,Denver Nuggets,1.8,0.451,False
1985,Indiana Pacers,1.7,0.317,False
1983,Detroit Pistons,1.7,0.598,False
1983,Seattle SuperSonics,1.7,0.512,False
1981,Portland Trail Blazers,1.7,0.512,False
1981,Philadelphia 76ers,1.7,0.707,False
1987,Washington Bullets,1.7,0.463,False
1982,Seattle SuperSonics,1.7,0.585,False
1980,New Jersey Nets,1.7,0.293,False
1981,Cleveland Cavaliers,1.7,0.183,False
1985,Sacramento Kings,1.6,0.451,False
1979,Portland Trail Blazers,1.6,0.463,False
1982,New York Knicks,1.6,0.537,False
1980,Milwaukee Bucks,1.6,0.732,False
1981,Kansas City Kings,1.6,0.366,False
1983,Portland Trail Blazers,1.6,0.585,False
1983,San Diego Clippers,1.6,0.366,False
1981,Atlanta Hawks,1.6,0.512,False
1982,Denver Nuggets,1.5,0.549,False
1979,Philadelphia 76ers,1.5,0.72,False
1979,Golden State Warriors,1.5,0.293,False
1982,Cleveland Cavaliers,1.5,0.28,False
1980,Houston Rockets,1.4,0.488,False
1983,Chicago Bulls,1.4,0.329,False
1980,Seattle SuperSonics,1.4,0.415,False
1979,Kansas City Kings,1.4,0.573,False
1982,Philadelphia 76ers,1.3,0.793,False
1983,Philadelphia 76ers,1.3,0.634,False
1983,Atlanta Hawks,1.3,0.488,False
1979,Los Angeles Lakers,1.2,0.732,False
1981,Utah Jazz,1.2,0.305,False
1982,Los Angeles Lakers,1.2,0.707,False
1981,Los Angeles Lakers,1.1,0.695,False
1980,Los Angeles Lakers,1.1,0.659,False
1980,San Antonio Spurs,1.0,0.634,False
1980,Detroit Pistons,1.0,0.256,False
1980,Philadelphia 76ers,1.0,0.756,False
1980,Atlanta Hawks,1.0,0.378,False
1979,Atlanta Hawks,0.9,0.61,False
1979,League Average,2.768181818181818,0.5001363636363636,True
1980,League Average,2.017391304347826,0.5000869565217392,True
1981,League Average,2.2869565217391306,0.49995652173913047,True
1982,League Average,2.252173913043478,0.49995652173913047,True
1983,League Average,2.373913043478261,0.49995652173913047,True
1984,League Average,3.143478260869565,0.49995652173913047,True
1985,League Average,3.3391304347826085,0.5000434782608696,True
1986,League Average,4.734782608695652,0.5000869565217392,True
1987,League Average,4.991304347826087,0.49995652173913047,True
1988,League Average,6.5520000000000005,0.49996,True
1989,League Average,6.607407407407408,0.5000370370370371,True
1990,League Average,7.14074074074074,0.5000370370370371,True
1991,League Average,7.62962962962963,0.499962962962963,True
1992,League Average,8.948148148148148,0.5000370370370371,True
1993,League Average,9.896296296296295,0.499962962962963,True
1994,League Average,15.296296296296296,0.5,True
1995,League Average,16.06551724137931,0.5000344827586207,True
1996,League Average,16.79310344827586,0.5000689655172414,True
1997,League Average,12.710344827586209,0.49996551724137933,True
1998,League Average,13.16551724137931,0.5,True
1999,League Average,13.717241379310344,0.5000689655172414,True
2000,League Average,13.706896551724139,0.49996551724137933,True
2001,League Average,14.755172413793103,0.5,True
2002,League Average,14.675862068965518,0.5,True
2003,League Average,14.920689655172414,0.49993103448275866,True
2004,League Average,15.75,0.5001,True
2005,League Average,15.983333333333333,0.5,True
2006,League Average,16.94,0.49996666666666667,True
2007,League Average,18.10666666666667,0.49996666666666667,True
2008,League Average,18.133333333333333,0.5001,True
2009,League Average,18.136666666666667,0.5000333333333333,True
2010,League Average,18.009999999999998,0.5,True
2011,League Average,18.386666666666667,0.4999,True
2012,League Average,19.966666666666665,0.5001,True
2013,League Average,21.53666666666667,0.5000333333333333,True
2014,League Average,22.41,0.5000333333333333,True
2015,League Average,24.083333333333332,0.4999,True
2016,League Average,27.003333333333334,0.49996666666666667,True
2017,League Average,28.996666666666666,0.5,True
2018,League Average,32.00666666666667,0.49996666666666667,True
2019,League Average,34.10333333333333,0.49493333333333334,True
2020,League Average,34.63666666666666,0.5000333333333333,True
2021,League Average,35.18,0.4999333333333334,True
2022,League Average,34.21,0.49996666666666667,True
2023,League Average,35.10666666666667,0.5,True
2024,League Average,37.583333333333336,0.5000666666666667,True
2025,League Average,36.99333333333333,0.5011,True
